,SKU, Price ,Subcategory,Stock
1,"CABLE TIE 10"" OMEGA",3.00,ACCESSORIES,100
2,"CABLE TIE 12"" OMEGA",5.00,ACCESSORIES,100
3,"CABLE TIE 14"" OMEGA",6.00,ACCESSORIES,100
4,ROLLER CATCHES,5.00,ACCESSORIES,100
5,"FLEXIBLE HOSE 1/2 X 1/2 X 18"" ",100.00,ACCESSORIES,100
6,DOOR HANGER DAIKEN,400.00,ACCESSORIES,100
7,DRAWER GUIDE #12 BALL BEARING,150.00,ACCESSORIES,100
8,"HOSE CLAMP 1 1/4"" STAINLESS",20.00,ACCESSORIES,100
9,"SAFETY HASP 3""  BRASS PLATED ",15.00,ACCESSORIES,100
10,"SAFETY HASP 4"" STAINLESS ",35.00,ACCESSORIES,100
11,ALUMINUM TILE TRIM J-SILVER 10MM,130.00,ACCESSORIES,100
12,SHOWER HEAD 5FUNCTION SF2522 SHARK,380.00,ACCESSORIES,100
13,DRAWER GUIDE #16 ,85.00,ACCESSORIES,100
14,"HOOK N EYE 2 1/2""  BRASS PLATED",7.00,ACCESSORIES,100
15,"SAFETY HASP 3"" STAINLESS ",25.00,ACCESSORIES,100
16,"STEEL HINGES 4"" BRASS PLATED",20.00,ACCESSORIES,100
17,POWER SPRAYER CONNECTOR BRASS,65.00,ACCESSORIES,100
18,HOSE COUPLING 1/2 SF6114 SHARK,40.00,ACCESSORIES,100
19,DRAWER GUIDE #16 BALL BEARING,180.00,ACCESSORIES,100
20,"HOSE CLAMP 2"" STAINLESS",25.00,ACCESSORIES,100
21,"STEEL HINGES 1 1/2"" BRASS PLATED ",5.00,ACCESSORIES,100
22,"STAINLESS STEEL BARREL BOLT 3"" AMERILOCK",40.00,ACCESSORIES,100
23,CONCEALED HINGES HYDRAULIC A3,55.00,ACCESSORIES,100
24,"STAINLESS STEEL BARREL BOLT 2"" AMERILOCK",30.00,ACCESSORIES,100
25,LOOSE PIN HINGES 3 X 3 AMERILOCK ,120.00,ACCESSORIES,100
26,DRAWER GUIDE #18 BALL BEARING,200.00,ACCESSORIES,100
27,"HOSE CLAMP 3/4"" STAINLESS",15.00,ACCESSORIES,100
28,"STAINLESS STEEL BARREL BOLT 4"" AMERILOCK",50.00,ACCESSORIES,100
29,BRASS CUPHOOK 2,6.00,ACCESSORIES,100
30,DRAWER GUIDE #14 BALL BEARING,160.00,ACCESSORIES,100
31,POWER SPRAYER HOSE CONNECTOR 8MM B-16,100.00,ACCESSORIES,100
32,"HOOK N EYE 3"" BRASS PLATED",8.00,ACCESSORIES,100
33,BRASS CUPHOOK 1 1/2,5.00,ACCESSORIES,100
34,CABINET HANDLE 2003 B ORION,35.00,ACCESSORIES,100
35,CABINET HANDLE 2004 ORION,40.00,ACCESSORIES,100
36,CABLE TIE # 14,3.00,ACCESSORIES,100
37,LOOSE PIN HINGES HD 3X3 STANLEY,30.00,ACCESSORIES,100
38,"STEEL HINGES 2"" BRASS PLATED",8.00,ACCESSORIES,100
39,CONCEALED HINGES #1 AMERILOCK,25.00,ACCESSORIES,100
40,CABLE TIE 5 WHITE OPPO,1.00,ACCESSORIES,100
41,BRASS CUPHOOK 1,3.00,ACCESSORIES,100
42,FLAT WASHER S/S 5/16,1.50,BOLT & NUT,100
43,CAP SCREW S/S 5/16 X 1,10.00,BOLT & NUT,100
44,G.I CAPSCREW 1/4X3,5.00,BOLT & NUT,100
45,G.I CAPSCREW 5/16X1-1/2,6.00,BOLT & NUT,100
46,HEXAGONAL NUT 5/16'' ,0.75,BOLT & NUT,100
47,EXPANSION SHEILD LONG 1/4'',20.00,BOLT & NUT,100
48,CAP SCREW S/S 1/4 X 3,10.00,BOLT & NUT,100
49,G.I CAPSCREW 3/8X3,8.00,BOLT & NUT,100
50,CAP SCREW S/S 1/4 X 2,7.00,BOLT & NUT,100
51,G.I CAPSCREW 1/4X2,4.00,BOLT & NUT,100
52,HEXAGONAL NUT 1/4'' ,1.00,BOLT & NUT,100
53,HI-TENSIL HEXAGONAL BOLT 1/4 X 1,2.50,BOLT & NUT,100
54,CAP SCREW 3/8 X 2,4.00,BOLT & NUT,100
55,G.I FLAT WASHER 1/2X1,5.00,BOLT & NUT,100
56,G.I FLAT WASHER 1/4X5/8,1.50,BOLT & NUT,100
57,FLAT WASHER S/S 3/8,2.00,BOLT & NUT,100
58,HEXAGONAL NUT 3/8'' ,1.00,BOLT & NUT,100
59,CAP SCREW S/S 1/4 X 1 1/2,6.00,BOLT & NUT,100
60,CAP SCREW S/S 5/16 X 3,15.00,BOLT & NUT,100
61,EXPANSION SHEILD LONG 3/8'',30.00,BOLT & NUT,100
62,EXPANSION SHEILD LONG 5/16''  ,20.00,BOLT & NUT,100
63,G.I FLAT WASHER 5/16X3/4,1.50,BOLT & NUT,100
64,CAP SCREW S/S 5/16 X 1 1/2,10.00,BOLT & NUT,100
65,HEXAGONAL NUTS S/S 5/16,4.00,BOLT & NUT,100
66,"CONCRETE HOLLOW BLOCK 4""",11.00,CONSTRUCTION,100
67,EAGLE CEMENT,210.00,CONSTRUCTION,100
68,DOUBLE FURRING CHANNEL .6 X 5MTRS ,175.00,CONSTRUCTION,100
69,ABC ZEMCOAT SUPERFINE WHITE,455.00,CONSTRUCTION,100
70,CEMENT REPUBLIC 1KL,10.00,CONSTRUCTION,100
71,GRAVEL 1,1100.00,CONSTRUCTION,100
72,TILE GROUT F6 M.BROWN (ABC),70.00,CONSTRUCTION,100
73,LEVEL HOSE 3/8 WHITE ,900.00,CONSTRUCTION,100
74,TILE GROUT P8-2K SORRENTO BLUE (ABC),130.00,CONSTRUCTION,100
75,PLUMB BOB 300 GRAMS,65.00,CONSTRUCTION,100
76,TILE GROUT F14 GRAY (ABC),55.00,CONSTRUCTION,100
77,TILE GROUT F16 CREAM (ABC),65.00,CONSTRUCTION,100
78,TILE ADHESIVE 5KG (ABC),80.00,CONSTRUCTION,100
79,TILE GROUT F15 WHITE (ABC),60.00,CONSTRUCTION,100
80,PANAMBAK - BASECOURSE,600.00,CONSTRUCTION,100
81,"CONCRETE HOLLOW BLOCK 5""",12.00,CONSTRUCTION,100
82,SAHARA CEMENT,40.00,CONSTRUCTION,100
83,GRAVEL 3/4,1000.00,CONSTRUCTION,100
84,LEVEL HOSE 1/4 WHITE ,12.00,CONSTRUCTION,100
85,CEMENT FORTUNE 1KL,10.00,CONSTRUCTION,100
86,LEVEL HOSE 3/8 GREEN ,2000.00,CONSTRUCTION,100
87,WHITE SAND PAMPANGA ,1150.00,CONSTRUCTION,100
88,CEMENT (REPUBLIC),224.00,CONSTRUCTION,100
89,SAND S1,1200.00,CONSTRUCTION,100
90,WHITE SAND ,700.00,CONSTRUCTION,100
91,BISTAY,45.00,CONSTRUCTION,100
92,TILE ADHESIVE 25KLS (ABC),290.00,CONSTRUCTION,100
93,CEMENT (FORTUNE),230.00,CONSTRUCTION,100
94,FLEXIBLE HOSE (1/2 X 100MTRS) POLYFLEX,680.00,ELECTRICAL,100
95,FLEXIBLE HOSE (3/4X50M) POLYFLEX,550.00,ELECTRICAL,100
96,RUBBER SOCKET OMNI,35.00,ELECTRICAL,100
97,CIRCUIT BREAKER 20AMP (BOLT-ON) KOTEN,280.00,ELECTRICAL,100
98,CIRCUIT BREAKER 100AMP (PLUG-IN) KOTEN,900.00,ELECTRICAL,100
99,CIRCUIT BREAKER 15AMP KSB KOTEN,380.00,ELECTRICAL,100
100,CIRCUIT BREAKER 40AMP KSB KOTEN,415.00,ELECTRICAL,100
101,CIRCUIT BREAKER 30AMP KSB KOTEN,415.00,ELECTRICAL,100
102,FEMALE PLUG (EAGLE),40.00,ELECTRICAL,100
103,PLATE 1 GANG ROYU RCP1,25.00,ELECTRICAL,100
104,PLATE 3 GANG ROYU RCP3,25.00,ELECTRICAL,100
105,CIRCUIT BREAKER 15AMP (PLUG-IN) KOTEN,295.00,ELECTRICAL,100
106,CIRCUIT BREAKER 20AMP KSB W/ A/C KOTEN,480.00,ELECTRICAL,100
107,PANEL BOX 2B 2X2 AMERICA,500.00,ELECTRICAL,100
108,PANEL BOX 8B 5X5 AMERICA,800.00,ELECTRICAL,100
109,OUTLET 3 GANG WSO-003 OMNI,65.00,ELECTRICAL,100
110,UNIVERSAL CONVENIENCE OUTLET 2G ROYU REDEC102,150.00,ELECTRICAL,100
111,T5 LED DAYLIGHT 14W FIREFLY,240.00,ELECTRICAL,100
112,CIRCUIT BREAKER 2P- 30AMP (BOLT-ON) G.E,850.00,ELECTRICAL,100
113,CIRCUIT BREAKER 2P- 60AMP (BOLT-ON) G.E,950.00,ELECTRICAL,100
114,ROYU 1GANG SWITCH WITH LED WD601,82.00,ELECTRICAL,100
115,ROUND TO FLAT ADAPTER REDPL103 ROYU,25.00,ELECTRICAL,100
116,FIREFLY RECEPTACLE 3 1/2 FEDCRW103,27.00,ELECTRICAL,100
117,KOTEN MTS BOX ONLY ,550.00,ELECTRICAL,100
118,FUSE 60 AMP EAGLE,70.00,ELECTRICAL,100
119,EAGLE SWITCH,115.00,ELECTRICAL,100
120,STARTER FS-2 20W EAGLE,20.00,ELECTRICAL,100
121,OMNI WEP-0011W,12.00,ELECTRICAL,100
122,PLATE 2 GANG ROYU RCP2,25.00,ELECTRICAL,100
123,SCREW INSULATOR SINGLE,20.00,ELECTRICAL,100
124,ENTRANCE CUP #3/4,35.00,ELECTRICAL,100
125,"PLASTIC MOULDING 1/2"" ATLANTA",40.00,ELECTRICAL,100
126,OUTLET 2 GANG WSO-002 OMNI ,60.00,ELECTRICAL,100
127,"RSC PIPE 3/4""",200.00,ELECTRICAL,100
128,WD 2GANG OUTLET WD113 ROYU,100.00,ELECTRICAL,100
129,WD 3GANG OUTLET WD115,125.00,ELECTRICAL,100
130,UNIVERSAL CONVENIENCE OUTLET 4G ROYU REDEC104,200.00,ELECTRICAL,100
131,EXTENSION CORD 3GANG BLACK 5MTRS,200.00,ELECTRICAL,100
132,CIRCUIT BREAKER 100AMP (BOLT-ON) KOTEN,1200.00,ELECTRICAL,100
133,CIRCUIT BREAKER 2P- 100AMP (BOLT-ON) G.E,1700.00,ELECTRICAL,100
134,CIRCUIT BREAKER 60AMP (BOLT-ON) KOTEN,300.00,ELECTRICAL,100
135,CIRCUIT BREAKER 15AMP (BOLT-ON) KOTEN,290.00,ELECTRICAL,100
136,CIRCUIT BREAKER 20AMP (PLUG-IN) KOTEN,300.00,ELECTRICAL,100
137,CIRCUIT BREAKER 30AMP (PLUG-IN) KOTEN,300.00,ELECTRICAL,100
138,"PLASTIC MOULDING 1 1/2"" ATLANTA",140.00,ELECTRICAL,100
139,CLASSIC BLANK PLATE RCP4 ROYU,35.00,ELECTRICAL,100
140,ROYU 2GANG SWITCH WITH LED WD603,138.00,ELECTRICAL,100
141,STARTER FS-4 40W EAGLE ,25.00,ELECTRICAL,100
142,SPLIT KNOB GRAY,4.00,ELECTRICAL,100
143,CONVENIENCE OUTLET 2G ROYU REDOU102,50.00,ELECTRICAL,100
144,CONVENIENCE OUTLET 4G ROYU REDOU104,75.00,ELECTRICAL,100
145,SWITCH 3 GANG SET ROYU WH505,120.00,ELECTRICAL,100
146,BALL INSULATOR (SM),25.00,ELECTRICAL,100
147,OUTLET 4 GANG WSO-004 OMNI,85.00,ELECTRICAL,100
148,"FLEXIBLE HOSE 1/2"" EUROFLEX",380.00,ELECTRICAL,100
149,SWITCH 1 WAY ROYU RCS1,35.00,ELECTRICAL,100
150,"LONG ELBOW 3/4"" ORANGE EMERALD",20.00,ELECTRICAL,100
151,OUTLET UNIVERSAL ROYU RC01,40.00,ELECTRICAL,100
152,CIRCUIT BREAKER 60AMP (PLUG-IN) KOTEN,300.00,ELECTRICAL,100
153,CIRCUIT BREAKER 60AMP KSB KOTEN,480.00,ELECTRICAL,100
154,SWITCH WSS-003 (OMNI),45.00,ELECTRICAL,100
155,SECONDARY  ROCK 2 POLE,280.00,ELECTRICAL,100
156,"PVC SHORT ELBOW 1"" ORANGE",22.00,ELECTRICAL,100
157,"PLASTIC MOULDING 5/8"" ATLANTA ",50.00,ELECTRICAL,100
158,AIRCON OUTLET 1G WH901 RUYO,120.00,ELECTRICAL,100
159,NEMA 3R (PLUG-IN),350.00,ELECTRICAL,100
160,SPOOL INSULATOR,40.00,ELECTRICAL,100
161,"PVC ELECTRICAL PIPE 2"" UNIDEX",250.00,ELECTRICAL,100
162,OMNI RECEPTACLE 2X2,26.00,ELECTRICAL,100
163,"PVC PIPE 1"" ORANGE EMERALD",178.00,ELECTRICAL,100
164,SWITCH 2 GANG SET ROYU WH503,100.00,ELECTRICAL,100
165,OUTLET 3 GANG SET ROYU WH115,120.00,ELECTRICAL,100
166,OUTLET 1 GANG SET ROYU WH111,55.00,ELECTRICAL,100
167,UNIVERSAL ADAPTER REDPL105 ROYU,45.00,ELECTRICAL,100
168,PULL CHAIN SOCKET E-27 712 (OMNI),60.00,ELECTRICAL,100
169,EAGLE FUSE 30AMP,30.00,ELECTRICAL,100
170,REGULAR PLUG 10A REDPL101 ROYU,18.00,ELECTRICAL,100
171,SWITCH 1 GANG SET ROYU WH501,55.00,ELECTRICAL,100
172,CIRCUIT BREAKER 30AMP (BOLT-ON) KOTEN,300.00,ELECTRICAL,100
173,OMNI RECEPTACLE 3X3,30.00,ELECTRICAL,100
174,ENTRANCE CUP #1/2,30.00,ELECTRICAL,100
175,NEMA 3R (BOLT-ON),370.00,ELECTRICAL,100
176,OMNI RECEPTACLE 4X4,35.00,ELECTRICAL,100
177,CONVENIENCE OUTLET 3G ROYU REDOU103,55.00,ELECTRICAL,100
178,"PVC SHORT ELBOW 3/4"" ORANGE",20.00,ELECTRICAL,100
179,OUTLET 2 GANG SET ROYU WH113,100.00,ELECTRICAL,100
180,SURFACE TYPE UTILITY BOX RUB2 ROYU,35.00,ELECTRICAL,100
181,PVC MALE ADAPTER 3/4 W/NUT ORANGE,12.00,ELECTRICAL,100
182,MALE PLUG RUBBER (HD) EAGLE,50.00,ELECTRICAL,100
183,POLYFLEX ORANGE CONNECTOR 1/2,15.00,ELECTRICAL,100
184,T5 LED DAYLIGHT 16W FIREFLY,250.00,ELECTRICAL,100
185,"FLEXIBLE HOSE (1/2"" X 100MTRS) EUROFLEX",750.00,ELECTRICAL,100
186,"PVC PIPE 1/2"" ORANGE EMERALD",90.00,ELECTRICAL,100
187,JUNCTION BOX COVER ONLY POLY,12.00,ELECTRICAL,100
188,COAXIAL CABLE RG-6 METERS,1000.00,ELECTRICAL,100
189,POLY JUNCTION BOX,28.00,ELECTRICAL,100
190,FAUCET AID,12.00,FAUCET,100
191,FAUCET PLAIN GREAT VOLUME ,160.00,FAUCET,100
192,SINK FAUCET BALL HANDLE 62228 LAMCO,340.00,FAUCET,100
193,"PVC FAUCET PB 1/2"" (PB-01W) DENISSE",50.00,FAUCET,100
194,SINK FAUCET 1/2X2 SF2300C SHARK,140.00,FAUCET,100
195,"PVC FAUCET H/B 1/2""(HB-01W) DENISSE",50.00,FAUCET,100
196,FAUCET HOSE BIBB GREAT VOLUME,170.00,FAUCET,100
197,BLIND RIVETS (5/32 X 1/2),320.00,HARDWARE,100
198,BLIND RIVETS (5/32 X 3/8),300.00,HARDWARE,100
199,G.I. WIRE #18 24KLS,1750.00,HARDWARE,100
200,"SCAFFOLDING CLAMP 11/2"" SWIVEL",75.00,HARDWARE,100
201,"SCAFFOLDING CLAMP 11/2"" FIX",60.00,HARDWARE,100
202,BLIND RIVETS (5/32 X 3/4),300.00,HARDWARE,100
203,METAL STUD .50,140.00,HARDWARE,100
204,PVC LAMINATED GYPSUM CEILING TILES 9X2X4,950.00,HARDWARE,100
205,HEXAGONAL NUTS S/S 3/8,5.00,HARDWARE,100
206,"TACKLE PULLEY SINGLE 1""",20.00,HARDWARE,100
207,"TACKLE PULLEY SINGLE 1 1/4""",25.00,HARDWARE,100
208,"TACKLE PULLEY SINGLE 1 1/2""",40.00,HARDWARE,100
209,"TACKLE PULLEY SINGLE 2""",55.00,HARDWARE,100
210,STEEL DRILL BIT 3/8 DORMER,240.00,HARDWARE,100
211,MASONRY PUTTY GALLON BOYSEN,300.00,HARDWARE,100
212,HAND TRUCK (WHEELER) 1X8 HD,2100.00,HARDWARE,100
213,"MASKING TAPE 3/4"" ARMAK",30.00,HARDWARE,100
214,STEEL DRILL BIT 3/16 DORMER,90.00,HARDWARE,100
215,DORMER DRILL BIT 5/16,220.00,HARDWARE,100
216,DORMER DRILL BIT 7/16,400.00,HARDWARE,100
217,CHROME PIPE 1/2,120.00,HARDWARE,100
218,PIANO HINGES ,120.00,HARDWARE,100
219,CYCLONE WIRE 6FT 2 X 2 X 10 METERS,2880.00,HARDWARE,100
220,DOOR TRUCK 8',1300.00,HARDWARE,100
221,MASONRY DRILL BIT 1/8 NICHOLSON,65.00,HARDWARE,100
222,PACKAGING TAPE BROWN,60.00,HARDWARE,100
223,RUBBER FORCE PUMP BIG,50.00,HARDWARE,100
224,GROUNDING ROD 5/8,600.00,HARDWARE,100
225,LPG REGULATOR W/ GUAGE BIG TOKINA,180.00,HARDWARE,100
226,"LOCKNUT 3/4""",5.00,HARDWARE,100
227,GUN TUCKER WIRE T50 8MM BRITE,50.00,HARDWARE,100
228,STAPLE WIRE 570 (8MM) BUTTERFLY,50.00,HARDWARE,100
229,DOUBLE SIDED TAPE 1/2,60.00,HARDWARE,100
230,UNICA HPL 4X8 6021-T,900.00,HARDWARE,100
231,EAGLE 7 FUNCTION HOSE NOZZLE,180.00,HARDWARE,100
232,SPRAYER CONTROL VALVE #2 GA,70.00,HARDWARE,100
233,MAKITA CARBON BRUSH CB-64A ORIG,100.00,HARDWARE,100
234,RAT GLUE 3.5KG,890.00,HARDWARE,100
235,CUTTER BLADE 18MM OMEGA,12.00,HARDWARE,100
236,BRASS HOSE NOZZLE SF6101 SHARK,120.00,HARDWARE,100
237,GARDEN RAKE FLAT WOOD HANDLE,180.00,HARDWARE,100
238,PLASTIC DOOR (60X210) BROWN W/ LOUVER (LOCK SET) UPSON,1800.00,HARDWARE,100
239,SANDPAPER #320 TOPGRADE,15.00,HARDWARE,100
240,PLEDGE METAL POLISH 150ML,220.00,HARDWARE,100
241,STEEL DRILL BIT 1/4 DORMER,150.00,HARDWARE,100
242,KAWASAKI POWER SPRAYER 1.5HP,6600.00,HARDWARE,100
243,INSULATION FOAM 5MM ONE SIDED,1500.00,HARDWARE,100
244,SHELF BRACKET (8 X 10),30.00,HARDWARE,100
245,BARBED WIRE MEDIUM,1500.00,HARDWARE,100
246,CYCLONE WIRE 4FT 2 X 2 X 10 METERS,1800.00,HARDWARE,100
247,SANDING PAPER #80 3M,65.00,HARDWARE,100
248,GLAZING PUTTY GALLON BOYSEN,560.00,HARDWARE,100
249,FISHING LINE #25 (COIL),15.00,HARDWARE,100
250,"SANDING DISC 4"" #120",25.00,HARDWARE,100
251,WELDING GLOVES POWER HOUSE,280.00,HARDWARE,100
252,ADJUSTABLE HOSE NOZZLE #4 EAGLE,250.00,HARDWARE,100
253,"HOSE CLAMP 1 1/2"" GALVANIZED AIMEE",8.00,HARDWARE,100
254,"BUFFING CLOTH 4"" COTTON",55.00,HARDWARE,100
255,SHELF BRACKET (8 X 10) CANON,25.00,HARDWARE,100
256,CHAMBER P.E. ROPE 3.0MM #6,350.00,HARDWARE,100
257,FISHING LINE #100 (COIL),40.00,HARDWARE,100
258,WELDING ROD S/S 5/64 1BOX,600.00,HARDWARE,100
259,STEEL BRUSH 105 X 12,25.00,HARDWARE,100
260,"CYLINDRICAL HINGES 5/8""",20.00,HARDWARE,100
261,SHARPENING STONE #6 CARBORANDUM ,85.00,HARDWARE,100
262,"SANDING DISC 4"" #80",25.00,HARDWARE,100
263,"MESH TAPE 2"" FIBERGLASS",80.00,HARDWARE,100
264,SANDPAPER #800 TOPGRADE,15.00,HARDWARE,100
265,NIPPON LPG HOSE (BLUE),4500.00,HARDWARE,100
266,STIKWEL 1L,150.00,HARDWARE,100
267,"CYLINDRICAL HINGES 3/8""",10.00,HARDWARE,100
268,BLIND RIVETS (3/16 X 3/4),350.00,HARDWARE,100
269,HOG WIRE 7 HOLES,1200.00,HARDWARE,100
270,MIGHTY BOND 1 GRAM,25.00,HARDWARE,100
271,SANDING PAPER #100 3M,65.00,HARDWARE,100
272,"PVC PIPE 2"" BLACK",120.00,HARDWARE,100
273,PLASTIC DRUM BLUE ,800.00,HARDWARE,100
274,PLEXIBOND TEXTURED FINISH 1GAL B7760 BOYSEN,790.00,HARDWARE,100
275,BUTANE GAS,90.00,HARDWARE,100
276,"DUCT TAPE 2""",60.00,HARDWARE,100
277,CONCEALED HINGES HYDRAULIC A2,55.00,HARDWARE,100
278,TOILET BOWL #CE8016 MYNA,1000.00,HARDWARE,100
279,"WELDED WIRE 1/2"" X 4"" AIMEE",1600.00,HARDWARE,100
280,STAPLE WIRE 3/4,1.00,HARDWARE,100
281,STRAINER (DUPLEX) ,100.00,HARDWARE,100
282,"MASKING TAPE 2"" ARMAK",75.00,HARDWARE,100
283,WELDING ROD N-6011 3/32 (2.5),1550.00,HARDWARE,100
284,SOLDERING LEAD.,300.00,HARDWARE,100
285,"LOCKNUT1 1/2""",15.00,HARDWARE,100
286,SANDPAPER #80 TOPGRADE,15.00,HARDWARE,100
287,SHELF BRACKET (6 X 8) CANON,20.00,HARDWARE,100
288,CHROME PIPE 3/4,170.00,HARDWARE,100
289,RUBBER TAPE NITTO,130.00,HARDWARE,100
290,"LOCKNUT 1/2""",3.50,HARDWARE,100
291,SANDING PAPER #60 3M,9600.00,HARDWARE,100
292,CYCLONE WIRE 4FT X 6 MTRS,360.00,HARDWARE,100
293,SANDPAPER #150 (HIPPO),15.00,HARDWARE,100
294,RUGBY ORIGINAL BOSTIK 45ML,1600.00,HARDWARE,100
295,RED CEMENT 2KLS,65.00,HARDWARE,100
296,"PUTTY KNIFE WITH OUT HANDLE 4"" ",10.00,HARDWARE,100
297,TEX SCREW ADAPTER,45.00,HARDWARE,100
298,"METAL CLAMP 1 1/2"" BX",22.00,HARDWARE,100
299,SHELF BRACKET (10 X 12) CANON,30.00,HARDWARE,100
300,VALIANT V731 HOSE BIBB GV,175.00,HARDWARE,100
301,TOX #10,40.00,HARDWARE,100
302,FISHING LINE #40 (COIL),20.00,HARDWARE,100
303,SANDPAPER #320 (HIPPO),15.00,HARDWARE,100
304,BATTERY TERMINAL,30.00,HARDWARE,100
305,CONCEALED HINGES HYDRAULIC A1,55.00,HARDWARE,100
306,"HOSE CLAMP 1/2"" STAINLESS",12.00,HARDWARE,100
307,NYLON ROPE #24 12MM CHAMBER,3000.00,HARDWARE,100
308,POLITUFF HARDENER BIG,235.00,HARDWARE,100
309,"DYNA BOLT 3/8""",20.00,HARDWARE,100
310,"MASKING TAPE 1/2"" ARMAK",25.00,HARDWARE,100
311,FLOOR STRAINER 4 X 4 STAINLESS,50.00,HARDWARE,100
312,GLAZING PUTTY LITER BOYSEN,170.00,HARDWARE,100
313,DORMER DRILL BIT 5/32,80.00,HARDWARE,100
314,"DYNA BOLT 1/2""",40.00,HARDWARE,100
315,"MASKING TAPE 1 1/2"" ARMAK",55.00,HARDWARE,100
316,"CUTTING DISK 14"" TYROLIT (BASIC)",600.00,HARDWARE,100
317,MASONRY DRILL BIT 3/16 NICHOLSON ,70.00,HARDWARE,100
318,KAWASAKI BRUSH CUTTER TD40,7000.00,HARDWARE,100
319,STEEL BRUSH PVC HANDLE,30.00,HARDWARE,100
320,GRINDING DISK #4 (BASIC)TYROLIT,100.00,HARDWARE,100
321,RUGBY CONTACT CEMENT 300CC BOSTIK,85.00,HARDWARE,100
322,"CYLINDRICAL HINGES 3/4""",25.00,HARDWARE,100
323,SANDPAPER #400 (HIPPO),15.00,HARDWARE,100
324,PLASTIC TWINE 1 KILO,75.00,HARDWARE,100
325,HEXAGONAL NUTS S/S 1/4,2.50,HARDWARE,100
326,CHAMBER P.E. ROPE 2.5MM #5,160.00,HARDWARE,100
327,CONCEALED HINGES #2 AMERILOCK,25.00,HARDWARE,100
328,SANDPAPER #800 (HIPPO),15.00,HARDWARE,100
329,CENTER POST 3/4,45.00,HARDWARE,100
330,FISHING LINE  #300 GRASS CUTTER (TANSI),100.00,HARDWARE,100
331,FISHING LINE #45 (COIL),30.00,HARDWARE,100
332,SANDPAPER #400 TOPGRADE,15.00,HARDWARE,100
333,ELECTRICAL TAPE MEDIUM ARMAK,25.00,HARDWARE,100
334,COTTON GLOVES W/ RUBBER,40.00,HARDWARE,100
335,INSULATION FOAM 10MM 2 SIDED,2900.00,HARDWARE,100
336,CHAMBER P.E. ROPE 5MM #10,600.00,HARDWARE,100
337,ELECTRICAL TAPE SMALL ARMAK,18.00,HARDWARE,100
338,WALL ANGLE .50 X 3MTRS,55.00,HARDWARE,100
339,SANDPAPER #180 (HIPPO),15.00,HARDWARE,100
340,SANDPAPER #80 (HIPPO),15.00,HARDWARE,100
341,"MASKING TAPE 1"" ARMAK ",40.00,HARDWARE,100
342,WASTE RUG,80.00,HARDWARE,100
343,METAL STUD .40,118.00,HARDWARE,100
344,STIKWEL 1/2 LITER,95.00,HARDWARE,100
345,"CYLINDRICAL HINGES 1/2""",15.00,HARDWARE,100
346,SANDPAPER #100 (HIPPO),16.00,HARDWARE,100
347,NYLON ROPE #12 6MM CHAMBER,750.00,HARDWARE,100
348,WALL ANGLE 1 X 1 X 10FT,140.00,HARDWARE,100
349,SANDPAPER #240 (HIPPO),15.00,HARDWARE,100
350,LEVEL HOSE 1/4  GREEN,1200.00,HARDWARE,100
351,STEEL DRILL BIT 1/8 DORMER,80.00,HARDWARE,100
352,MAIN TEE 1 X 1 1/2 X 12FT,150.00,HARDWARE,100
353,FLAT WASHER S/S 1/4,1.50,HARDWARE,100
354,"CYLINDRICAL HINGES 1""",45.00,HARDWARE,100
355,NYLON ROPE #10MM (SEA HORSE) ,2200.00,HARDWARE,100
356,SAKOLYN BLUE/ORANGE / METER,3800.00,HARDWARE,100
357,CHAMBER P.E. ROPE 8MM #16,1500.00,HARDWARE,100
358,WELDING ROD 3/32 GOLDEN BRIDGE 1KL,1800.00,HARDWARE,100
359,SANDPAPER #1000 (HIPPO),15.00,HARDWARE,100
360,TOX #8,40.00,HARDWARE,100
361,CARRYING CHANNEL,130.00,HARDWARE,100
362,STAPLE WIRE 1,1.00,HARDWARE,100
363,"PVC COUPLING 3/4"" BLUE THREADED EMERALD",19.00,HARDWARE,100
364,BLIND RIVETS (1/8 X 3/8),200.00,HARDWARE,100
365,"STAPLE WIRE 1/2""",0.50,HARDWARE,100
366,ELECTRICAL TAPE BIG ARMAK,37.00,HARDWARE,100
367,"METAL CLAMP 1/2"" 2H",8.00,HARDWARE,100
368,WALL CLIP .5,5.00,HARDWARE,100
369,CHALK STONE,5.00,HARDWARE,100
370,WELDING ROD 6013 (3/32)SPECIAL,1500.00,HARDWARE,100
371,POWER SPRAYER HOSE KAWASAKI,2800.00,HARDWARE,100
372,CROSS TEE 2,35.00,HARDWARE,100
373,WELDING ROD N-55,2300.00,HARDWARE,100
374,SANDPAPER #120 (HIPPO),15.00,HARDWARE,100
375,G.I. WIRE #16 24KLS,1800.00,HARDWARE,100
376,TOX #5,20.00,HARDWARE,100
377,"PVC CLAMP 1/2""",2.00,HARDWARE,100
378,CUTTING DISK THIN #4 OASIS,250.00,HARDWARE,100
379,BLIND RIVETS (1/8 X 3/4),400.00,HARDWARE,100
380,BLIND RIVETS (1/8 X 1/2),270.00,HARDWARE,100
381,FSL GRILLED PANEL 600X600 30W ,1050.00,LIGHTS,100
382,BULB 26 WATTS DAYLIGHT FIREFLY,130.00,LIGHTS,100
383,BULB 3 WATTS DAYLIGHT FIREFLY,75.00,LIGHTS,100
384,FSL LED 12W,150.00,LIGHTS,100
385,BULB 40 WATTS FROSTED FIREFLY,25.00,LIGHTS,100
386,LED BULB 13 WATTS ECOLUM,150.00,LIGHTS,100
387,STRAIGHT LIGHT FL T12 20W,75.00,LIGHTS,100
388,FLOURESCENT LIGHT CIRCULAR 32W FC32/T9 FIREFLY,100.00,LIGHTS,100
389,RECHARGEABLE EMERGENCY BULB FEL110DL FIREFLY,350.00,LIGHTS,100
390,T5 LED DAYLIGHT 8W FIREFLY,180.00,LIGHTS,100
391,FIREFLY LED 3WATTS,75.00,LIGHTS,100
392,FSL LED 9W,130.00,LIGHTS,100
393,BALLAST STARTER HOLDER 40W ESO1/40- ECOLUM,230.00,LIGHTS,100
394,FLOURECENT TL RYSL 40W/54 PHILIPS,99.00,LIGHTS,100
395,FIREFLY LED 18WATTS,260.00,LIGHTS,100
396,LED BULB 3 WATTS ECOLUM,65.00,LIGHTS,100
397,LED CAPSULE 50W CHC1050DL ECOLUM,650.00,LIGHTS,100
398,LED BULB 9 WATTS ECOLUM,95.00,LIGHTS,100
399,FIREFLY LED 13 WATTS EB-113DL,170.00,LIGHTS,100
400,BULB 25 WATTS FROSTED FIREFLY,25.00,LIGHTS,100
401,FIREFLY LED 7WATTS,3400.00,LIGHTS,100
402,LED BULB 11 WATTS ECOLUM,100.00,LIGHTS,100
403,BULB 100 WATTS FROSTED FIREFLY,30.00,LIGHTS,100
404,BASIC LED SQUARE RECESSED SLIM 6W EDL112606DL FIREFLY,270.00,LIGHTS,100
405,LED BULB 7 WATTS ECOLUM,85.00,LIGHTS,100
406,BULB 60 WATTS FROSTED FIREFLY,30.00,LIGHTS,100
407,LED BULB 15 WATTS ECOLUM,160.00,LIGHTS,100
408,LED BULB 5 WATTS ECOLUM,70.00,LIGHTS,100
409,LED LIGHT 1.5W LLG40E27 OMNI,65.00,LIGHTS,100
410,FIREFLY LED 9W,125.00,LIGHTS,100
411,FIREFLY LED 15 WATTS EB-115DL ,210.00,LIGHTS,100
412,FIREFLY LED 11 WATTS,130.00,LIGHTS,100
413,FIREFLY LED 5WATTS,90.00,LIGHTS,100
414,LED BULB 3W EBI-103WW FIREFLY,75.00,LIGHTS,100
415,LED BULB 5W EBI-105WW FIREFLY,90.00,LIGHTS,100
416,PUREE PAINT THINNER BOTTLE,750.00,LIQUID ITEMS,100
417,PAINT THINNER GALLON PUREE,270.00,LIQUID ITEMS,100
418,LACQUER THINNER (BOTTLE) PUREE,35.00,LIQUID ITEMS,100
419,CONCRETE NEUTRALIZER (LITER) PUREE,35.00,LIQUID ITEMS,100
420,CONCRETE NEUTRALIZER (GAL) PUREE,80.00,LIQUID ITEMS,100
421,NIPPON VARNISH GLOSS 1LITER,350.00,LIQUID ITEMS,100
422,NIPPON VARNISH GLOSS 1GAL,1000.00,LIQUID ITEMS,100
423,ACRYTEX REDUCER B1750-4L BOYSEN,400.00,LIQUID ITEMS,100
424,TERMITICIDE 1L SOILGUARD,1250.00,LIQUID ITEMS,100
425,4 IN 1 OIL 120ML,60.00,LIQUID ITEMS,100
426,DENATURED ALCOHOL (BOTTLE) PUREE,28.00,LIQUID ITEMS,100
427,MURIATIC ACID (BOTTLE),30.00,LIQUID ITEMS,100
428,MURIATIC ACID (LITER) PUREE,50.00,LIQUID ITEMS,100
429,RUST CONVERTER (TURCO) LITER,250.00,LIQUID ITEMS,100
430,LACQUER FLO DAVIES 1GAL,600.00,LIQUID ITEMS,100
431,ACRYLIC THINNER 350CC PUREE,35.00,LIQUID ITEMS,100
432,PLASTIC VARNISH (BROWN) CENTRO,40.00,LIQUID ITEMS,100
433,SOLIGNUM BROWN 1L,550.00,LIQUID ITEMS,100
434,SOLIGNUM CLEAR 1L,600.00,LIQUID ITEMS,100
435,PLASTIC VARNISH (YELLOW) CENTRO,40.00,LIQUID ITEMS,100
436,GRASS ZERO LTR,410.00,LIQUID ITEMS,100
437,WD-40 OIL 6.5OZ ,175.00,LIQUID ITEMS,100
438,PLASTIC VARNISH (NATURAL) CENTRO,750.00,LIQUID ITEMS,100
439,PLASTIC VARNISH (WALNUT) CENTRO,40.00,LIQUID ITEMS,100
440,STRIPSOL 350CC,100.00,LIQUID ITEMS,100
441,PAINT THINNER TOWER 350ML,40.00,LIQUID ITEMS,100
442,LACQUER THINNER B50 BOYSEN 1GAL,425.00,LIQUID ITEMS,100
443,WD-40 OIL 3 OZ,165.00,LIQUID ITEMS,100
444,PLASTIC VARNISH (RED) CENTRO,40.00,LIQUID ITEMS,100
445,PLASTIC VARNISH (MAPLE) CENTRO,750.00,LIQUID ITEMS,100
446,PLASTIC VARNISH (MAHOGANY) CENTRO,750.00,LIQUID ITEMS,100
447,YALE PADLOCK SOLID BRASS 40MM,120.00,LOCKSET,100
448,PADLOCK 30MM ORDINARY (YALE ),60.00,LOCKSET,100
449,DOOR KNOB 587 AB AMERILOCK,285.00,LOCKSET,100
450,PLASTIC DOOR (60X210) WHITE W/ LOUVER (LOCK SET) UPSON,1900.00,LOCKSET,100
451,DOOR KNOB #588 (PB) AMERILOCK ,240.00,LOCKSET,100
452,DOOR KNOB #588 (S/S) AMERILOCK,220.00,LOCKSET,100
453,DRAWER LOCK AMERILOCK ,110.00,LOCKSET,100
454,DOOR KNOB #5763 (SS) AMERILOCK,420.00,LOCKSET,100
455,DOOR KNOB #588 (AB) AMERILOCK ,220.00,LOCKSET,100
456,BRASS PADLOCK (140) 50MM HD YALE,620.00,LOCKSET,100
457,GOOD LUMBER 2X3X12,378.00,LUMBER,100
458,COCO LUMBER 2X3X12,162.00,LUMBER,100
459,GOOD LUMBER 2X4X14,578.00,LUMBER,100
460,GOOD LUMBER 2X3X8,240.00,LUMBER,100
461,GOOD LUMBER 2X3X10,315.00,LUMBER,100
462,COCO LUMBER 2X4X12,208.00,LUMBER,100
463,GOOD LUMBER 2X4X12,496.00,LUMBER,100
464,GOOD LUMBER 2X5X8,386.00,LUMBER,100
465,COCO LUMBER 2X4X14,280.00,LUMBER,100
466,COCO LUMBER 2X3X10,125.00,LUMBER,100
467,GOOD LUMBER 2X2X8,160.00,LUMBER,100
468,GOOD LUMBER 2X2X12,240.00,LUMBER,100
469,GOOD LUMBER 2X2X10,210.00,LUMBER,100
470,COCO LUMBER 2X2X10,84.00,LUMBER,100
471,COCO LUMBER 2X2X8,70.00,LUMBER,100
472,COCO LUMBER 2X2X12,104.00,LUMBER,100
473,CW NAIL # 1 1/2,1600.00,NAILS,100
474,"SMOOTH NAIL 5/8""",100.00,NAILS,100
475,"SMOOTH NAIL 1/2""",125.00,NAILS,100
476,"SMOOTH NAIL 3/4""",125.00,NAILS,100
477,"CONCRETE NAIL 1 1/2""",2200.00,NAILS,100
478,STEEL NAIL 2,4500.00,NAILS,100
479,CW NAIL # 1 1/4,1650.00,NAILS,100
480,CW NAIL #5,1300.00,NAILS,100
481,"UMBRELLA NAIL 2 1/2"" TWISTED ",2200.00,NAILS,100
482,FINISHING NAIL 2 1/2,1500.00,NAILS,100
483,CONCRETE NAIL #1,2000.00,NAILS,100
484,FINISHING NAIL 1 1/2,1550.00,NAILS,100
485,FINISHING NAIL #2,1500.00,NAILS,100
486,CONCRETE NAIL #4,2000.00,NAILS,100
487,STEEL NAIL 1,5000.00,NAILS,100
488,"CONCRETE NAIL 2""",2000.00,NAILS,100
489,CW NAIL #3,1550.00,NAILS,100
490,"CONCRETE NAIL 3""",2000.00,NAILS,100
491,CW NAIL 1,1600.00,NAILS,100
492,"FINISHING NAIL 1""",1600.00,NAILS,100
493,CW NAIL #4,1350.00,NAILS,100
494,CW NAIL #2,1500.00,NAILS,100
495,"PAINT BRUSH 3/4"" HIPPO",15.00,PAINT MATERIALS,100
496,BABY ROLLER REFILL (FOAM),50.00,PAINT MATERIALS,100
497,"PAINT BRUSH 2 1/2"" HIPPO",45.00,PAINT MATERIALS,100
498,"PUTTY KNIFE W/O HOLE 6""",20.00,PAINT MATERIALS,100
499,ROLLER BRUSH #7 W/HANDLE ACRYLON,75.00,PAINT MATERIALS,100
500,WELCOAT EPOXY PRIMER GRAY 1L,220.00,PAINTS,100
501,WELCOAT EPOXY PRIMER GRAY 1GAL,770.00,PAINTS,100
502,RED OXIDE GALLON BOYSEN,400.00,PAINTS,100
503,GLOSS LATEX GALLON BOYSEN,680.00,PAINTS,100
504,LATEX COLOR 1/4 LTR LAMP BLACK BOYSEN,50.00,PAINTS,100
505,MEGACRYL CONCRETE PRIMER & SEALER DV-1350 1GAL DAVIES,600.00,PAINTS,100
506,HANSA YELLOW LATEX 1/4 LTR BOYSEN,65.00,PAINTS,100
507,GLOSS LATEX TIN BOYSEN,2600.00,PAINTS,100
508,FLAT LATEX TIN BOYSEN,2300.00,PAINTS,100
509,MEGACRYL CONCRETE PRIMER & SEALER DV-1350 1TIN DAVIES,2450.00,PAINTS,100
510,POLITUFF  GALLON,750.00,PAINTS,100
511,QDE CHOCO BROWN GALLON BOYSEN,450.00,PAINTS,100
512,ROOFGUARD BAGUIO GREEN GALLON BOYSEN,650.00,PAINTS,100
513,ACRY COLOR 60 ML THALO BLUE (DAVIES),35.00,PAINTS,100
514,ACRY COLOR 60ML THALO GREEN (DAVIES),35.00,PAINTS,100
515,ACRY COLOR 60ML HANSA YELLOW (DAVIES),40.00,PAINTS,100
516,TINGTING COLOR LAMP BLACK 1/4L BOYSEN,70.00,PAINTS,100
517,QDE ROYAL BLUE 1/4L BOYSEN,65.00,PAINTS,100
518,QDE CRYSTAL GREEN 1/4L BOYSEN,65.00,PAINTS,100
519,SPRAY PAINT #141 ORANGE (BOTNY),90.00,PAINTS,100
520,SEMI GLOSS LATEX NUEVO TERRA B-7580 1GAL BOYSEN,680.00,PAINTS,100
521,OIL WOOD STAIN MAHOGANY B-2707 1L BOYSEN,130.00,PAINTS,100
522,TINGTING COLOR HANSA YELLOW B-2319 1/4L BOYSEN,110.00,PAINTS,100
523,ROOFGUARD PACIFIC BLUE TIN B-2540 BOYSEN,2300.00,PAINTS,100
524,QDE CARAMEL BROWN B683 BOYSEN 1GAL,470.00,PAINTS,100
525,ROOFSHIELD 50-11 BRICK RED DAVIES 1GAL,500.00,PAINTS,100
526,ACRY COLOR 1/4 LTR BLACK (DAVIES),50.00,PAINTS,100
527,LATEX COLOR LAMP BLACK LTR B1490 BOYSEN,110.00,PAINTS,100
528,WELCOAT METAL PRIMER RED OXIDE 1L,130.00,PAINTS,100
529,CHALLENGER PAINT (GOLD/BRONZE),45.00,PAINTS,100
530,THALO BLUE LATEX 1/4 LTR BOYSEN,60.00,PAINTS,100
531,TOLUIDINE RED LATEX 1/4 LTR BOYSEN,60.00,PAINTS,100
532,QDE LEMON YELLOW LTR BOYSEN,180.00,PAINTS,100
533,SEMI GLOSS LATEX LTR BOYSEN,180.00,PAINTS,100
534,TINGTING COLOR RAW SIENNA 1/4L BOYSEN,70.00,PAINTS,100
535,SILVER ALUMINUM FINISH LTR BOYSEN,180.00,PAINTS,100
536,QDE BLACK GAL. BOYSEN,430.00,PAINTS,100
537,SPRAY PAINT HI-TEMP BOTNY,180.00,PAINTS,100
538,SPRAY PAINT #351 GOLD (BOTNY),100.00,PAINTS,100
539,SPRAY PAINT #41 YELLOW (BOTNY),90.00,PAINTS,100
540,REFLECTORIZED T-PAINT BLACK 1GAL B19-191 BOYSEN,750.00,PAINTS,100
541,ROOFGUARD SPANISH RED B-2570 1GAL BOYSEN,555.00,PAINTS,100
542,TINGTING COLOR 1/4 LTR BURNT SIENNA BOYSEN,65.00,PAINTS,100
543,ACRY COLOR 60ML BLACK (DAVIES),35.00,PAINTS,100
544,CHALLENGER PAINT (ALUM.),35.00,PAINTS,100
545,THALO GREEN LATEX 1/4 LTR BOYSEN,60.00,PAINTS,100
546,QDE EMERALD GREEN LTR BOYSEN,150.00,PAINTS,100
547,QDE INTERNATIONAL RED LTR BOYSEN,160.00,PAINTS,100
548,QDE LEMON YELLOW 1/4 LTR BOYSEN,65.00,PAINTS,100
549,QDE SKY BLUE LTR BOYSEN,180.00,PAINTS,100
550,CLEAR GLOSS ACRYLIC EMULSION B-700 1GAL,565.00,PAINTS,100
551,VENETIAN RED LATEX 1/4 LTR BOYSEN,60.00,PAINTS,100
552,QDE WHITE 1/4 LTR BOYSEN,60.00,PAINTS,100
553,WELCOAT EPOXY PRIMER RED OXIDE W/ CATALYST 1L,200.00,PAINTS,100
554,QDE INTERNATIONAL RED 1/4L BOYSEN,65.00,PAINTS,100
555,SEMI GLOSS LATEX WHITE 1TIN B715 BOYSEN,2400.00,PAINTS,100
556,QDE EMERALD GREEN 1GAL B-658 BOYSEN,500.00,PAINTS,100
557,ROOFGUARD SPANISH RED TIN B-2570 BOYSEN,2050.00,PAINTS,100
558,SPRAY PAINT #23 RED BOTNY,90.00,PAINTS,100
559,FLAT WALL ENAMEL LITER BOYSEN,170.00,PAINTS,100
560,QDE INTERNATIONAL RED GALLON BOYSEN,550.00,PAINTS,100
561,LATEX COLOR 1/4 LTR RAW SIENA BOYSEN,60.00,PAINTS,100
562,SPRAY PAINT SILVER #36 BOTNY,90.00,PAINTS,100
563,FLAT WALL ENAMEL GALLON BOYSEN,550.00,PAINTS,100
564,QDE BLACK 1/4 LTR BOYSEN,60.00,PAINTS,100
565,SEMI GLOSS LATEX GALLON BOYSEN,650.00,PAINTS,100
566,GLOSS LATEX LTR BOYSEN,180.00,PAINTS,100
567,WEBER EPOXY PRIMER GRAY E-6200 W/ CATALYST 1GAL,650.00,PAINTS,100
568,SPRAY PAINT #22 SILVER GRAY (BOTNY),90.00,PAINTS,100
569,REFLECTORIZED T-PAINT YELLOW 1GAL B19-161 BOYSEN,950.00,PAINTS,100
570,QDE WHITE GALLON BOYSEN,625.00,PAINTS,100
571,FLAT LATEX LTR BOYSEN,160.00,PAINTS,100
572,QDE WHITE LTR BOYSEN,185.00,PAINTS,100
573,SPRAY PAINT #21 BLUE (BOTNY),90.00,PAINTS,100
574,QDE CHOCO BROWN LTR BOYSEN,150.00,PAINTS,100
575,QDE BLACK 1LTR BOYSEN,140.00,PAINTS,100
576,FLAT LATEX GALLON BOYSEN,550.00,PAINTS,100
577,SPRAY PAINT #68 PRIMER GREY (BOTNY),90.00,PAINTS,100
578,SPRAY PAINT #40 WHITE (BOTNY),90.00,PAINTS,100
579,SPRAY PAINT #39 GLOSS BLACK (BOTNY),90.00,PAINTS,100
580,SPRAY PAINT #190 CLEAR (BOTNY),90.00,PAINTS,100
581,SPRAY PAINT #4 FLAT BLACK (BOTNY),90.00,PAINTS,100
582,BABY ROLLER REFILL (COTTON),35.00,PAINTS TOOLS,100
583,PAINT ROLLER TRAY,35.00,PAINTS TOOLS,100
584,"PAINT BRUSH 2"" HIPPO",35.00,PAINTS TOOLS,100
585,CRIMPED CUP BRUSH 3,50.00,PAINTS TOOLS,100
586,TWISTED CUP BRUSH 3,75.00,PAINTS TOOLS,100
587,"PAINT BRUSH 1/2"" HIPPO",12.00,PAINTS TOOLS,100
588,"PAINT BRUSH 3"" HIPPO",65.00,PAINTS TOOLS,100
589,"PAINT BRUSH 4"" HIPPO",90.00,PAINTS TOOLS,100
590,BABY ROLLER WITH HANDLE COTTON,45.00,PAINTS TOOLS,100
591,"PAINT BRUSH 1 1/2"" HIPPO",30.00,PAINTS TOOLS,100
592,"PAINT BRUSH 1"" HIPPO",25.00,PAINTS TOOLS,100
593,"PPR COUPLING 1/2"" LAMCO",10.00,PLUMBING,100
594,"PPR ELBOW 1/2"" 90D PLAIN LAMCO",15.00,PLUMBING,100
595,"PPR PIPE 1/2"" (PN20) LAMCO",180.00,PLUMBING,100
596,"FLEXIBLE HOSE 1/2 X 1/2 X 12""",90.00,PLUMBING,100
597,"P.E. HOSE ELBOW 1/2""",75.00,PLUMBING,100
598,"FLEXIBLE HOSE 1/2 X 3/8 X 18"" ",100.00,PLUMBING,100
599,G.I. NIPPLE S-40 2 X 8,130.00,PLUMBING,100
600,GI NIPLE 1/2 X 10,45.00,PLUMBING,100
601,GI NIPLE 1/2 X 7,32.00,PLUMBING,100
602,"PVC CAP 1/2"" BLUE  EMERALD",10.00,PLUMBING,100
603,"PVC ELBOW 1"" BLUE THREADED EMERALD",25.00,PLUMBING,100
604,"PVC PIPE 1"" BLUE EMERALD",155.00,PLUMBING,100
605,"PVC TEE 1"" BLUE PLAIN EMERALD",30.00,PLUMBING,100
606,"PVC TEE 1/2""  BLUE THREADED EMERALD",15.00,PLUMBING,100
607,HOSE COUPLING 3/4,35.00,PLUMBING,100
608,"BALL VALVE 1"" PVC BLUE ",110.00,PLUMBING,100
609,"G.I. ELBOW 2""  HEAVY DUTY",200.00,PLUMBING,100
610,G.I. KITCHEN SINK (SMALL),180.00,PLUMBING,100
611,"G.I. STRAIGHT ELBOW 1""",35.00,PLUMBING,100
612,"G.I. STRAIGHT ELBOW 3/4"" HEAVY DUTY",50.00,PLUMBING,100
613,"P.E. HOSE ADAPTER 3/4""",40.00,PLUMBING,100
614,"P.E. HOSE COUPLING 1""",80.00,PLUMBING,100
615,G.I. CUP 1/2'' HD,35.00,PLUMBING,100
616,G.I. NIPLE S-40 1/2 X 20,65.00,PLUMBING,100
617,ANGLE METER VALVE (FIX NUT 3/4 x 1/2),500.00,PLUMBING,100
618,G.I. SADDLE CLAMP PVC 2 X 1/2,260.00,PLUMBING,100
619,PIG DRINKER S/S HAWK,100.00,PLUMBING,100
620,WATER METER SUNRISE,300.00,PLUMBING,100
621,FLEXIBLE P-TRAP MEIGUANG,130.00,PLUMBING,100
622,G.I. NIPLE CLOSE 1/2,10.00,PLUMBING,100
623,GI NIPLE 1/2 X 5,25.00,PLUMBING,100
624,GI NIPLE 1/2 X 8,35.00,PLUMBING,100
625,GI NIPLE 1/2 X 6,30.00,PLUMBING,100
626,"BALL VALVE 1/2"" PVC BLUE ",50.00,PLUMBING,100
627,"G.I. PLUG 3/4"" HEAVY DUTY",35.00,PLUMBING,100
628,"G.I. UNION 1"" HEAVY DUTY",140.00,PLUMBING,100
629,G.I. BUSHING REDUCER 1 X 1/2,50.00,PLUMBING,100
630,G.I. BUSHING REDUCER 3/4 X 1/2,35.00,PLUMBING,100
631,"PVC PIPE 1-1/4"" BLUE EMERALD",170.00,PLUMBING,100
632,"PPR PLUG 20MM 1/2"" LAMCO",10.00,PLUMBING,100
633,G.I. ELBOW 1X45 HD,80.00,PLUMBING,100
634,P.E. HOSE TEE REDUCER 1 X 1/2,100.00,PLUMBING,100
635,FLEXIBLE HOSE 1/2X1/2X20 S/S SF2569 SHARK,100.00,PLUMBING,100
636,"KITCHEN SINK 16"" X 24"" S/S STALLION",400.00,PLUMBING,100
637,"G.I. COUPLING 1"" HEAVY DUTY",55.00,PLUMBING,100
638,"G.I. UNION 1/2"" HEAVY DUTY",90.00,PLUMBING,100
639,BALL VALVE 2 KITZ,3100.00,PLUMBING,100
640,"PPR MALE ADAPTOR 1/2"" LAMCO",85.00,PLUMBING,100
641,ANGLE VALVE ORANGE VALIANT,160.00,PLUMBING,100
642,"BALL VALVE 1/2"" GREAT VOLUME ",220.00,PLUMBING,100
643,"G.I. ELBOW 1"" HEAVY DUTY",65.00,PLUMBING,100
644,"G.I. UNION 2"" HEAVY DUTY",360.00,PLUMBING,100
645,"GATE VALVE 1/2"" GV",250.00,PLUMBING,100
646,G.I. COUPLING REDUCER 2 X 1,65.00,PLUMBING,100
647,"G.I. TEE 2"" HD MECH",230.00,PLUMBING,100
648,"G.I. STRAIGHT ELBOW 2"" HD MECH",230.00,PLUMBING,100
649,"PVC MALE ADAPTER 1"" BLUE  EMERALD",20.00,PLUMBING,100
650,"PVC ELBOW 3/4"" BLUE PLAIN EMERALD",15.00,PLUMBING,100
651,ANGLE VALVE VIOLET VALIANT,180.00,PLUMBING,100
652,"P.E. HOSE ADAPTER 3/8""",45.00,PLUMBING,100
653,"P.E. HOSE COUPLING 3/8""",60.00,PLUMBING,100
654,GI NIPLE 1/2 X 4,20.00,PLUMBING,100
655,"P.E. HOSE ADAPTER 1/2""",45.00,PLUMBING,100
656,"P.E. HOSE TEE 1/2""",80.00,PLUMBING,100
657,"G.I. STRAIGHT ELBOW 1/2""HEAVY DUTY",40.00,PLUMBING,100
658,"P.E. HOSE COUPLING 1/2""",60.00,PLUMBING,100
659,GI NIPLE 1/2 X 3,15.00,PLUMBING,100
660,GI NIPLE 1/2 X 2,12.00,PLUMBING,100
661,"PPR FEMALE COUPLING 1/2"" W/THREAD LAMCO",75.00,PLUMBING,100
662,"G.I. PLUG 1/2"" HEAVY DUTY",30.00,PLUMBING,100
663,"P.E. HOSE SDR-11 1/2"" (100MT) BLUE LAMCO",1500.00,PLUMBING,100
664,G.I. COUPLING 2 HD,150.00,PLUMBING,100
665,"PVC TEE 1/2"" BLUE PLAIN EMERALD",15.00,PLUMBING,100
666,"SWING VALVE 1/2"" GV",240.00,PLUMBING,100
667,FLEXIBLE HOSE 1/2X1/2X18 S/S SF2563 SHARK,90.00,PLUMBING,100
668,"PPR GATE VALVE 1/2"" LAMCO",245.00,PLUMBING,100
669,"P.E. HOSE COUPLING 3/4""",85.00,PLUMBING,100
670,"G.I. TEE 1/2"" HEAVY DUTY",45.00,PLUMBING,100
671,"PVC COUPLING 1/2"" BLUE PLAIN  EMERALD",10.00,PLUMBING,100
672,P.E. HOSE 1'' SDR11 BLUE,3800.00,PLUMBING,100
673,"G.I. COUPLING 1/2"" HEAVY DUTY",35.00,PLUMBING,100
674,HOSE COUPLING 1/2 (PLASTIC),35.00,PLUMBING,100
675,"G.I. ELBOW 1/2""HEAVY DUTY",40.00,PLUMBING,100
676,"PPR PIPE  3/4"" (PN20) LAMCO",260.00,PLUMBING,100
677,"PVC MALE ADAPTER 1/2"" BLUE  EMERALD",15.00,PLUMBING,100
678,"PVC PIPE 3/4"" BLUE EMERALD",130.00,PLUMBING,100
679,"PPR COUPLING 3/4"" PLAIN LAMCO",15.00,PLUMBING,100
680,"PPR TEE 1/2"" (EQUAL) LAMCO",15.00,PLUMBING,100
681,"PPR FEMALE ELBOW 1/2"" W/THREAD LAMCO",90.00,PLUMBING,100
682,"PVC PIPE 1/2"" BLUE EMERALD",80.00,PLUMBING,100
683,"PVC ELBOW 1/2"" BLUE PLAIN EMERALD",10.00,PLUMBING,100
684,"PVC COUPLING 1/2"" BLUE THREADED EMERALD",15.00,PLUMBING,100
685,"PVC ELBOW 1"" BLUE PLAIN EMERALD",25.00,PLUMBING,100
686,"PVC ELBOW 1/2"" BLUE THREADED EMERALD",15.00,PLUMBING,100
687,RAINBOW HOSE 1/2,1900.00,PLUMBING,100
688,PHENOLIC BOARD 1/2,780.00,PLYWOOD,100
689,MARINE PLYWOOD 3/4 UNIWOOD,1570.00,PLYWOOD,100
690,ORDINARY PLYWOOD 1/2,680.00,PLYWOOD,100
691,MARINE PLYWOOD RED 1/4 STA. CLARA,798.00,PLYWOOD,100
692,HARDIFLEX 1/4,470.00,PLYWOOD,100
693,ORDINARY PLYWOOD 3/4,1230.00,PLYWOOD,100
694,MARINE PLYWOOD 1/2 UNI-PLY,780.00,PLYWOOD,100
695,MARINE PLYWOOD 3/4 UNIPLY,1300.00,PLYWOOD,100
696,MARINE PLYWOOD 1/4 UNIPLY,440.00,PLYWOOD,100
697,"PVC PIPE 4"" BLACK",250.00,PVC PIPES & FITTINGS,100
698,"PVC CLEAN OUT 3"" ORANGE EMERALD",50.00,PVC PIPES & FITTINGS,100
699,"PVC BUSHING RED. 4"" X 3"" ORANGE EMERALD",55.00,PVC PIPES & FITTINGS,100
700,"PVC PIPE 6"" ORANGE S-1000 EMERALD",1650.00,PVC PIPES & FITTINGS,100
701,"PVC TEE RED. 4"" X 2""ORANGE EMERALD",135.00,PVC PIPES & FITTINGS,100
702,"PVC TEE RED. 4"" X 3"" ORANGE EMERALD",200.00,PVC PIPES & FITTINGS,100
703,PPR MALE ELBOW 1/2 LAMCO,90.00,PVC PIPES & FITTINGS,100
704,PVC TEE #2 BLACK,15.00,PVC PIPES & FITTINGS,100
705,"PVC COUPLING 4"" ORANGE EMERALD",65.00,PVC PIPES & FITTINGS,100
706,"PVC PIPE 6"" BLACK",600.00,PVC PIPES & FITTINGS,100
707,"PVC P-TRAP 2"" ORD BLACK",45.00,PVC PIPES & FITTINGS,100
708,"PVC WYE REDUCER 4"" X 2"" ORANGE EMERALD",155.00,PVC PIPES & FITTINGS,100
709,"PVC MALE ADAPTER 1 1/2"" 50MM ORANGE EMERALD",30.00,Pvc Pipes & fittings,100
710,"PVC BUSHING RED. 3"" X 2"" ORANGE EMERALD",30.00,PVC PIPES & FITTINGS,100
711,"PVC WYE REDUCER 3"" X 2"" ORANGE EMERALD",123.00,PVC PIPES & FITTINGS,100
712,"PVC PIPE 1 1/2"" ORANGE EMERALD",230.00,Pvc Pipes & fittings,100
713,"PVC COUPLING 2"" ORANGE EMERALD",20.00,PVC PIPES & FITTINGS,100
714,"PVC COUPLING 3"" ORANGE EMERALD",35.00,PVC PIPES & FITTINGS,100
715,"PVC PIPE 4"" ORANGE S-600 EMERALD",550.00,PVC PIPES & FITTINGS,100
716,"PVC TEE 4"" ORANGE EMERALD",155.00,PVC PIPES & FITTINGS,100
717,"PVC ELBOW 4"" X 90 BLACK",35.00,PVC PIPES & FITTINGS,100
718,"PVC ELBOW 1 1/2"" 50MM ORANGE EMERALD",75.00,PVC PIPES & FITTINGS,100
719,PVC TEE #3 BLACK,30.00,PVC PIPES & FITTINGS,100
720,"PVC CLEAN OUT 2"" ORANGE EMERALD",30.00,PVC PIPES & FITTINGS,100
721,"PVC PIPE 3"" BLACK",235.00,PVC PIPES & FITTINGS,100
722,"PVC TEE 4"" BLACK",45.00,PVC PIPES & FITTINGS,100
723,"PVC P-TRAP 2"" ORANGE EMERALD",115.00,PVC PIPES & FITTINGS,100
724,"PVC ADAPTER 1/2"" ORANGE EMERALD",10.00,PVC PIPES & FITTINGS,100
725,"PVC TEE 3"" ORANGE EMERALD",115.00,PVC PIPES & FITTINGS,100
726,"PVC PIPE 3"" ORANGE S-600 EMERALD",445.00,PVC PIPES & FITTINGS,100
727,"PVC ELBOW 4"" X 45 ORANGE EMERALD",80.00,PVC PIPES & FITTINGS,100
728,"PVC TEE 2"" ORANGE EMERALD",60.00,PVC PIPES & FITTINGS,100
729,"PVC SHORT ELBOW 1/2"" ORANGE",15.00,PVC PIPES & FITTINGS,100
730,"PVC ELBOW 3"" X 90 BLACK",25.00,PVC PIPES & FITTINGS,100
731,"PVC ELBOW 4"" X 90 ORANGE EMERALD",105.00,PVC PIPES & FITTINGS,100
732,"PVC PIPE 4"" ORANGE S-1000 EMERALD",770.00,PVC PIPES & FITTINGS,100
733,"PVC ELBOW 2"" X 90 BLACK",10.00,PVC PIPES & FITTINGS,100
734,"PVC PIPE 2"" ORANGE  S-600 EMERALD",265.00,PVC PIPES & FITTINGS,100
735,"PVC CLEAN OUT 4"" ORANGE EMERALD",75.00,PVC PIPES & FITTINGS,100
736,"PVC PIPE 3"" ORANGE S-1000 EMERALD",585.00,PVC PIPES & FITTINGS,100
737,"PVC TEE RED. 3"" X 2"" ORANGE EMERALD",130.00,PVC PIPES & FITTINGS,100
738,"PVC ELBOW 3"" X 90 ORANGE EMERALD",70.00,PVC PIPES & FITTINGS,100
739,"PVC ELBOW 2"" X 45 ORANGE EMERALD",30.00,PVC PIPES & FITTINGS,100
740,"PVC PIPE 3/4"" ORANGE EMERALD",125.00,PVC PIPES & FITTINGS,100
741,"PVC PIPE 2"" ORANGE S-1000 EMERALD",315.00,PVC PIPES & FITTINGS,100
742,"PVC ELBOW 2"" X 90 ORANGE EMERALD",45.00,PVC PIPES & FITTINGS,100
743,G.I. FLUSHING RED APO,320.00,ROOFING,100
744,G.I. SHEET PLAIN 4' X 8' APO,500.00,ROOFING,100
745,G.I. SHEET PLAIN 4' X 8' GREEN APO,744.00,ROOFING,100
746,G.I. SHEET PLAIN 3' x 8' ORDINARY APO,280.00,ROOFING,100
747,G.I. RIDGE ROLL .35 APO,280.00,ROOFING,100
748,G.I. FLUSHING .35 APO,280.00,ROOFING,100
749,G.I. GUTTER GREEN APO,325.00,ROOFING,100
750,G.I. SHEET CORR. .35X6'  APO,330.00,ROOFING,100
751,G.I. RIDGE ROLL GREEN APO,320.00,ROOFING,100
752,G.I. SHEET CORR. .35X8' (APO),440.00,ROOFING,100
753,G.I. SHEET PLAIN 4' X 8' RED APO,620.00,ROOFING,100
754,G.I. RIDGE ROLL RED APO,320.00,ROOFING,100
755,G.I. GUTTER  RED APO,320.00,ROOFING,100
756,G.I. SHEET CORR. .35X10' APO,550.00,ROOFING,100
757,COLORED ROOF 12' RED APO,864.00,ROOFING,100
758,G.I. GUTTER .35 APO,280.00,ROOFING,100
759,G.I. SHEET CORR. (.31X10'),340.00,ROOFING,100
760,COLORED ROOF 8' GREEN APO,552.00,ROOFING,100
761,COLORED ROOF 10' RED APO,720.00,ROOFING,100
762,COLORED ROOF 10' GREEN APO,740.00,ROOFING,100
763,G.I. SHEET CORR. .35X12' APO,696.00,ROOFING,100
764,COLORED ROOF 12' GREEN APO,888.00,ROOFING,100
765,COLORED ROOF 14' GREEN APO,819.00,ROOFING,100
766,METAL FURRING .50 X 6MTRS,120.00,ROOFING,100
767,B-NET SINGLE 1/4X4FT,3800.00,SCREEN,100
768,"WELDED WIRE 1"" X 3' LION",2200.00,SCREEN,100
769,"WELDED WIRE 1"" X 4' LION",2800.00,SCREEN,100
770,PLASTIC SCREEN 1/16X4 RAMBONET,2500.00,SCREEN,100
771,PLASTIC SCREEN 1/2X4 RAMBONET,3200.00,SCREEN,100
772,HARDWARE CLOTH 1/8,90.00,SCREEN,100
773,"WELDED WIRE 1/2"" X 4' LION",3000.00,SCREEN,100
774,"TEX SCREW  2"" STEEL",450.00,SCREW,100
775,"TEX SCREW 1 1/2"" STEEL",1.50,SCREW,100
776,GYPSON SCREW 6 X TP25 (1) STEEL,450.00,SCREW,100
777,"TEX SCREW  2 1/2"" WOOD",380.00,SCREW,100
778,"TEX SCREW  2"" WOOD",1.50,SCREW,100
779,METAL SCREW (10 X 1 1/2),1.50,SCREW,100
780,EXPANSION SHEILD SHORT 5/16'' NP,15.00,SCREW,100
781,LOG SCREW 5/16 X 2 ,5.00,SCREW,100
782,METAL SCREW (12 X 1),1.50,SCREW,100
783,WOOD SCREW (6 X 1),0.50,SCREW,100
784,LOG SCREW 1/4 X 2,4.00,SCREW,100
785,LOG SCREW 1/4 X 3 ,5.00,SCREW,100
786,LOG SCREW 5/16 X 1 1/2,4.00,SCREW,100
787,WOOD SCREW (8 X 1),1.00,SCREW,100
788,METAL SCREW (10 X 2),2.00,SCREW,100
789,LOG SCREW 3/8 X 2 ,8.00,SCREW,100
790,WOOD SCREW (7 X 1),0.50,SCREW,100
791,LOG SCREW 5/16 X 3 ,6.00,SCREW,100
792,WOOD SCREW (8 X 1 1/2),1.00,SCREW,100
793,LOG SCREW 1/4 X 1 1/2,3.00,SCREW,100
794,EXPANSION SHEILD SHORT 1/4'' NP,15.00,SCREW,100
795,METAL SCREW (8 X 1),1.00,SCREW,100
796,MACHINE SCREW 6/32 X 2,3.00,SCREW,100
797,GYPSON SCREW 6 X TP50 (2) STEEL,1.50,SCREW,100
798,METAL SCREW (7 X 1),1.00,SCREW,100
799,GYPSON SCREW 6 X NP50 (2) WOOD,300.00,SCREW,100
800,TOX #6,30.00,SCREW,100
801,GYPSON SCREW 6 X TP38 (1 1/2) STEEL,1.00,SCREW,100
802,GYPSON SCREW 6 X NP38 (1 1/2) WOOD,250.00,SCREW,100
803,GYPSON SCREW 6 X NP25 (1) WOOD,1.00,SCREW,100
804,TEX SCREW (2 1/2) STEEL,2.00,SCREW,100
805,"TEX SCREW  1 1/2"" WOOD ",1.50,SCREW,100
806,FEDSEAL ELASTOSEAL 1/4L,120.00,SEALANT,100
807,PIONEER REG. EPOXY 1/4PT A&B,110.00,SEALANT,100
808,BULLDOG SUPER GLUE 3 GRAMS ,65.00,SEALANT,100
809,MIGHTY BOND 3 GRAMS,65.00,SEALANT,100
810,S-BLUE 1/8LTR,50.00,SEALANT,100
811,NELTEX SOLVENT CEMENT 400CC,220.00,SEALANT,100
812,VULCASEAL 1/4L,140.00,SEALANT,100
813,EPOXY STEEL 40G CORD,130.00,SEALANT,100
814,NELTEX SOLVENT CEMENT 200CC,120.00,SEALANT,100
815,STIKWEL 250G,50.00,SEALANT,100
816,PIONEER MARINE EPOXY QUART A&B,650.00,SEALANT,100
817,NELTEX SOLVENT CEMENT 100CC,95.00,SEALANT,100
818,PIONEER MARINE EPOXY 1/4PT A&B,115.00,SEALANT,100
819,VULCASEAL 1/2L,250.00,SEALANT,100
820,VULCASEAL 1L,460.00,SEALANT,100
821,VULCASEAL 75ML,1300.00,SEALANT,100
822,DEFORMED BAR 10MM,156.00,STEEL BARS,100
823,DEFORMED BAR 8MM (2.2),115.00,STEEL BARS,100
824,DEFORMED BAR 16MM,410.00,STEEL BARS,100
825,ANGLE BAR (1/4 X 1 1/2) WHITE,725.00,STEEL BARS,100
826,C-PURLINS (2X3) 1.2 GALVANIZE,420.00,STEEL BARS,100
827,G.I. PIPE #1/2 LG RED,460.00,STEEL BARS,100
828,SQUARE BAR 1/2 GRAY,220.00,STEEL BARS,100
829,C-PURLINS (2X4) 1.2 GALVANIZE,450.00,STEEL BARS,100
830,ANGLE BAR (1/4 X 2) WHITE,980.00,STEEL BARS,100
831,ANGLE BAR (3/16 X 2) RED,600.00,STEEL BARS,100
832,C-PURLINS (2X3) 1.5 GALVANIZE,490.00,STEEL BARS,100
833,FLAT BAR (1/4) 4.5MM X 1 1/2 STD,410.00,STEEL BARS,100
834,G.I. TUBULAR 1X1 1.2,320.00,STEEL BARS,100
835,FLAT BAR (1/2)8.5MMX1,600.00,STEEL BARS,100
836,C-PURLINS (2 X 6) 1.2 G.I.,580.00,STEEL BARS,100
837,G.I. TUBULAR 2X4 1.5MM RED,1000.00,STEEL BARS,100
838,TUBULAR 2 X 6 (1.2),1100.00,STEEL BARS,100
839,G.I. TUBULAR 3/4 X 3/4 1.2,245.00,STEEL BARS,100
840,ANGLE BAR (3/16 X 2) YELLOW,713.00,STEEL BARS,100
841,FENCE TUBE #1,670.00,STEEL BARS,100
842,FLAT BAR (1/4 X 1/2),90.00,STEEL BARS,100
843,FLAT BAR (3/16 X 1/2),75.00,STEEL BARS,100
844,PLAIN RD. BAR 9MM,110.00,STEEL BARS,100
845,G.I. PIPE #4 S-40,4650.00,STEEL BARS,100
846,G.I. TUBULAR 2X3 1.2,680.00,STEEL BARS,100
847,FENCE TUBE #2,1500.00,STEEL BARS,100
848,SQUARE BAR 3/4 WHITE,480.00,STEEL BARS,100
849,G.I. PIPE #3 S-40,3400.00,STEEL BARS,100
850,B.I. PIPE 1 (S-40),450.00,STEEL BARS,100
851,FENCE TUBE #1 1/4,825.00,STEEL BARS,100
852,FLAT BAR (3/16 X 3/4),100.00,STEEL BARS,100
853,PLAIN RD. 10MM,140.00,STEEL BARS,100
854,PLAIN RD. BAR 7MM,115.00,STEEL BARS,100
855,B.I. PIPE 1 1/4 (S-40),730.00,STEEL BARS,100
856,FLAT BAR (1/8 X 1/2),60.00,STEEL BARS,100
857,"PLAIN RD. BAR 1/2"" STANDARD",230.00,STEEL BARS,100
858,CHANNEL BAR 2X4X5MM,2580.00,STEEL BARS,100
859,SQUARE BAR 5/8 RED,300.00,STEEL BARS,100
860,G.I. TUBULAR 2X2 1.2,565.00,STEEL BARS,100
861,PLAIN RD. BAR 3/8 (10MM) STD,160.00,STEEL BARS,100
862,FLAT BAR (1/8 X 1),105.00,STEEL BARS,100
863,CHANNEL BAR 2X3X5MM,1900.00,STEEL BARS,100
864,FENCE TUBE #3/4,480.00,STEEL BARS,100
865,FLAT BAR (3/16 X 1 1/2),200.00,STEEL BARS,100
866,FLAT BAR (3/16 X 2),250.00,STEEL BARS,100
867,ANGLE BAR (3/16 X 1 1/2) YELLOW,490.00,STEEL BARS,100
868,C-PURLINS 2 X 4 (1.5) GALVANIZE ,570.00,STEEL BARS,100
869,ANGLE BAR (3/16 X 1) RED,300.00,STEEL BARS,100
870,FLAT BAR (1/4 X 1) WHITE,246.00,STEEL BARS,100
871,G.I. PIPE # 1 1/2  LG RED,1430.00,STEEL BARS,100
872,ANGLE BAR (1/4 X 1) WHITE,520.00,STEEL BARS,100
873,FLAT BAR (3/16 X 1),178.00,STEEL BARS,100
874,G.I. PIPE #3/4 LG RED,625.00,STEEL BARS,100
875,ANGLE BAR (3/16 X 1 1/2) RED,450.00,STEEL BARS,100
876,G.I. TUBULAR 2X3 1.5,820.00,STEEL BARS,100
877,G.I. PIPE #1 1/4 LG RED,1150.00,STEEL BARS,100
878,ANGLE BAR (3/16 X 1) YELLOW,340.00,STEEL BARS,100
879,G.I. PIPE #1 LG RED,870.00,STEEL BARS,100
880,G.I. PIPE #2 LG RED,2000.00,STEEL BARS,100
881,SQUARE BAR WHITE,175.00,STEEL BARS,100
882,ANGLE BAR (1/8 X 1) BLUE,272.00,STEEL BARS,100
883,G.I. TUBULAR 1X2 1.5,510.00,STEEL BARS,100
884,FENCE TUBE #1/2,360.00,STEEL BARS,100
885,G.I. TUBULAR 1X1 1.5,350.00,STEEL BARS,100
886,G.I. TUBULAR 1X2 1.2,410.00,STEEL BARS,100
887,G.I. TUBULAR 3/4 X 3/4 1.5,280.00,STEEL BARS,100
888,DEFORMED BAR 12MM,240.00,STEEL BARS,100
889,TRY-SQUARE #10 CANNON,70.00,TOOLS,100
890,BUTTERFLY SOLDERING IRON 60WTTS,215.00,TOOLS,100
891,"STANLEY COMBINATION PLIER 8""",450.00,TOOLS,100
892,CLAW BAR #18,150.00,TOOLS,100
893,CLAW BAR #24,170.00,TOOLS,100
894,COLD CHISEL #1  POINTED ,200.00,TOOLS,100
895,PLASTERING TROWEL TORO ,65.00,TOOLS,100
896,SLEDGE HAMMER 8 LBS. W/ HANDLE,700.00,TOOLS,100
897,TRY-SQUARE #10 CHINA,75.00,TOOLS,100
898,GRINDER GWS-750-100 BOSCH,2850.00,TOOLS,100
899,CUTT-OFF SAW GCO-200 BOSCH,7800.00,TOOLS,100
900,HOLESAW 151 BUTTERFLY,220.00,TOOLS,100
901,"CROSSCUT SAW 18"" HANDSAW STANLEY",280.00,TOOLS,100
902,STANLEY STEEL TAPE 8M,350.00,TOOLS,100
903,DIAGONAL CUTTING PLIER #8 BUTTERFLY,140.00,TOOLS,100
904,HYDRAULIC JACK #910 20TONS BUTTERFLY,2500.00,TOOLS,100
905,SHOVEL SCOOP 2 TOMBO ORIG ,630.00,TOOLS,100
906,MASONRY DRILL BIT 1/2 NICHOLSON,140.00,TOOLS,100
907,MASONRY DRILL BIT 1/4 NICHOLSON,65.00,TOOLS,100
908,"DIAMOND CUTTING DISC 4"" TURBO TYPE IRWIN",380.00,TOOLS,100
909,STANLEY STEEL TAPE 5M,250.00,TOOLS,100
910,TRY-SQUARE #12 CANNON,70.00,TOOLS,100
911,CLAW HAMMER PVC HANDLE TOPGRADE,250.00,TOOLS,100
912,CEMENT TROWEL #8 TORO ,45.00,TOOLS,100
913,SILICON GUN (CAULKING),60.00,TOOLS,100
914,DIAMOND CUTTING DISC 4'' SEGMENTED TYPE IRWIN,320.00,TOOLS,100
915,SCREW DRIVER 1/4X5 (+) W/ MAGNETIC TIP STANLEY,130.00,TOOLS,100
916,CLAW HAMMER WOOD HANDLE TOPGRADE,250.00,TOOLS,100
917,HAND RIVETER STANLEY MD,350.00,TOOLS,100
918,"SCREW BIT 2"" BUTTERFLY",15.00,TOOLS,100
919,MASONRY PUTTY LTR BOYSEN,110.00,TOOLS,100
920,MASONRY DRILL BIT 5/32 NICHOLSON ,70.00,TOOLS,100
921,SHOVEL POINTED 2 TOMBO ORIG,600.00,TOOLS,100
922,ELECTRODE HOLDER 300AMP,200.00,TOOLS,100
923,"CUTTING DISK 14"" TOKA (STEEL)",220.00,TOOLS,100
924,"HACKSAW BLADE 18"" ORIGINAL",50.00,TOOLS,100
925,THHN WIRE #12/7 STRANDED (PHELPDODGE),5000.00,WIRES,100
926,FLAT CORD #22/2 WHITE HYPERTECH ,1200.00,WIRES,100
927,WELDING CABLE 2.0,20000.00,WIRES,100
928,HYPERTECH TW WIRE #12/7,2600.00,WIRES,100
929,FLAT CORD 2.0MM #14 ROYU,7000.00,WIRES,100
930,FLAT CORD 0.75MM #18 ROYU,2400.00,WIRES,100
931,HYPER THHN 12/7,2600.00,WIRES,100
932,THHN WIRE #8/7 STRANDED (PHELPDODGE),6600.00,WIRES,100
933,THHN WIRE #10/7 STRANDED (PHELPDODGE),6750.00,WIRES,100
934,SPEAKER WIRE #18 W/SPOOL OMEGA,1800.00,WIRES,100
935,THHN WIRE #6/7 STRANDED PHELPDODGE,16500.00,WIRES,100
936,FLAT CORD 1.25MM #16 ROYU,4000.00,WIRES,100
937,THHN WIRE #14/7 STRANDED (PHELPDODGE),2800.00,WIRES,100
938,"CORNEZA 1"" X 3"" X 12""",350.00,WOOD ITEMS,100
939,"CORNEZA 1"" X 3"" X 8""",224.00,WOOD ITEMS,100
940,"K.D. 1"" X 8 ""X 8'",539.00,WOOD ITEMS,100
941,QUARTER C 8 FEET,72.00,WOOD ITEMS,100
942,FLUSH DOOR 70X210,1650.00,WOOD ITEMS,100
943,"K.D. 1"" X 2"" X 8'",135.00,WOOD ITEMS,100
944,"K.D. 1/2"" X 2"" X 12'",120.00,WOOD ITEMS,100
945,"K.D. 2"" X 3"" X 10'",435.00,WOOD ITEMS,100
946,FLUSH DOOR 80 X 210 ORD.,1700.00,WOOD ITEMS,100
947,"CORNEZA 1"" X 2"" X 8""",144.00,WOOD ITEMS,100
948,"K.D. 2"" X 2"" X 10'",305.00,WOOD ITEMS,100
949,"K.D. 2"" X 2"" X 8'",258.00,WOOD ITEMS,100
950,"K.D. 1"" X 10"" X 14""",1320.00,WOOD ITEMS,100
951,K.D. 2'' X 3'' X 8',360.00,WOOD ITEMS,100
952,QUARTER C 10 FEET,102.00,WOOD ITEMS,100
953,"CORNEZA 1"" X 2"" X 10""",190.00,WOOD ITEMS,100
954,"K.D. 1/2"" X 2"" X 8'",72.00,WOOD ITEMS,100
955,"K.D. 1/2"" X 1"" X 12'",96.00,WOOD ITEMS,100
956,HALF ROUND #8 FEET,80.00,WOOD ITEMS,100
957,ECOFOR LUMBER S4S #2 KD 1X6X12,300.00,WOOD ITEMS,100
958,"K.D. 1/2"" X 1"" X 10'",70.00,WOOD ITEMS,100
959,"K.D. 1"" X 2"" X 10'",160.00,WOOD ITEMS,100
960,"K.D. 1"" X 2"" X 12'",192.00,WOOD ITEMS,100
